model,test_tumor,ssim,psnr,mae
attention_resnet,T1-R=0.2,0.2569217041867678,11.425139756654053,0.17182004665497871
attention_resnet,T1-R=0.3,0.19658640754222867,8.014453002795936,0.24756573784351346
attention_resnet,T1-R=0.4,0.22660726638776912,7.4980319081126465,0.28442443662456096
attention_resnet,T2-R=0.1,0.36587956196495464,14.274855702676343,0.11696285844913545
attention_resnet,T2-R=0.2,0.3694381943770817,13.269924886167956,0.13764197799776276
attention_resnet,T2-R=0.4,0.2539284700793879,11.319794094746223,0.1895179419645241
attention_resnet,T3-R=0.1,0.3727364368736744,13.715826450571603,0.12577576413750644
attention_resnet,T3-R=0.2,0.3418553453470979,12.914417862831954,0.141371603044016
attention_resnet,t1-r=0.1,0.31527156407634416,12.593156651553404,0.13501046057790514
attention_resnet,t2-r=0.3,0.37401906677654806,14.113865710896048,0.12287307450813902
attention_unet,T1-R=0.2,0.6575488963576613,18.730427770952,0.0767621245906978
attention_unet,T1-R=0.3,0.7745080251693726,23.325117051942186,0.0398310630023479
attention_unet,T1-R=0.4,0.6041966136012759,14.345857946400063,0.12317949703761505
attention_unet,T2-R=0.1,0.8410705932549067,23.13634728170028,0.034760518026139005
attention_unet,T2-R=0.2,0.7973279616662434,21.981319933644897,0.04305572288909124
attention_unet,T2-R=0.4,0.7314348354935646,23.36129619954346,0.04268563286002189
attention_unet,T3-R=0.1,0.8138251381261008,23.20726244279533,0.03749569319188591
attention_unet,T3-R=0.2,0.7775330977780478,21.579642876347457,0.042509116857711714
attention_unet,t1-r=0.1,0.6829328544437885,18.203922770389372,0.07676318061227595
attention_unet,t2-r=0.3,0.7960684627294541,22.60650551425235,0.038518000380801255
cgan,T1-R=0.2,0.6498022687728288,17.88710450600563,0.08931327711974006
cgan,T1-R=0.3,0.8011360771656036,23.497217745824027,0.03840507614612575
cgan,T1-R=0.4,0.6219146477324622,14.509753765996173,0.12355637159198518
cgan,T2-R=0.1,0.8405165889433452,25.01071722199367,0.035398822477353424
cgan,T2-R=0.2,0.8328805301870619,25.18408410935916,0.03461912685473046
cgan,T2-R=0.4,0.7969414453421321,24.916585755665704,0.035228151774832135
cgan,T3-R=0.1,0.8291533512728555,25.52242063184245,0.03204403741817385
cgan,T3-R=0.2,0.8306235939264297,26.30734727808072,0.029365564417093946
cgan,t1-r=0.1,0.7080909721553326,20.596999321383997,0.0628285495564341
cgan,t2-r=0.3,0.8267277134316308,25.811472518017982,0.03087485539061678
convlstm,T1-R=0.2,0.6720092880432723,20.495346827488362,0.06671807918025817
convlstm,T1-R=0.3,0.7779784708023071,22.657114117708343,0.041827343598008104
convlstm,T1-R=0.4,0.6090168595314026,14.710206884921973,0.12367089241743083
convlstm,T2-R=0.1,0.7377933851310186,20.928232711539795,0.05694326399160278
convlstm,T2-R=0.2,0.8027138262987137,23.488890110714213,0.04049819506970895
convlstm,T2-R=0.4,0.7366651094385556,22.222218963145483,0.05188685860484834
convlstm,T3-R=0.1,0.8048862823418208,24.580508671777313,0.03959610616522171
convlstm,T3-R=0.2,0.8240332807813372,25.380249003556415,0.036581946802990734
convlstm,t1-r=0.1,0.6659216935435931,18.24702852567833,0.07850256823003288
convlstm,t2-r=0.3,0.7980369631733213,23.4277754391588,0.041190951131284195
cvae,T1-R=0.2,0.32230625814590297,12.924676137790808,0.15503860039056322
cvae,T1-R=0.3,0.3678318157196045,13.638435559143787,0.13768442636728284
cvae,T1-R=0.4,0.28382261427385463,9.283810494092304,0.23493977167776647
cvae,T2-R=0.1,0.2769876757902758,11.32480846693891,0.19544284716248508
cvae,T2-R=0.2,0.274035923395838,10.488081329587763,0.22958510523395873
cvae,T2-R=0.4,0.2906213119626045,12.093342164628446,0.17703623074506009
cvae,T3-R=0.1,0.24566524252295488,10.82302543899822,0.21034893840551375
cvae,T3-R=0.2,0.3186822513384478,11.925971013211193,0.189256603749735
cvae,t1-r=0.1,0.3544821842263142,14.22924438824675,0.12368787229061122
cvae,t2-r=0.3,0.29819418915680473,11.966427766175944,0.18593785496694698
cvae2,T1-R=0.2,0.7193158645121778,21.33742161488835,0.06191027649968369
cvae2,T1-R=0.3,0.8262496914863586,24.741490875914156,0.03303002162277694
cvae2,T1-R=0.4,0.6945514602320535,16.369235766185362,0.10164942390152383
cvae2,T2-R=0.1,0.8977027773857117,29.121171696546515,0.021815943046073785
cvae2,T2-R=0.2,0.8599379164831978,26.21429180396017,0.029024541111929033
cvae2,T2-R=0.4,0.833957080755915,25.606841218440934,0.03195866694939983
cvae2,T3-R=0.1,0.8779941848346166,27.885400623893513,0.024880191710378398
cvae2,T3-R=0.2,0.866226983496121,27.772894722116227,0.02527332508138243
cvae2,t1-r=0.1,0.791701786716779,23.39487525037574,0.04627173068001862
cvae2,t2-r=0.3,0.8451991945505142,25.780148147302164,0.030564817466906088
diffusion,T1-R=0.2,0.6516047940879571,20.050896763632224,0.06810476221754898
diffusion,T1-R=0.3,0.7856288692951202,23.640811617754146,0.0388120547086
diffusion,T1-R=0.4,0.648799880700452,15.98520610361332,0.10793024916201827
diffusion,T2-R=0.1,0.8865968623331615,29.366877702843794,0.021848581518445653
diffusion,T2-R=0.2,0.8159115374088287,26.253605655429745,0.03225471760545453
diffusion,T2-R=0.4,0.7468208628041404,24.404253208257405,0.04060351687616531
diffusion,T3-R=0.1,0.8119721655334745,25.453769174570326,0.03388474231053672
diffusion,T3-R=0.2,0.8128467455506325,26.471053200554874,0.03237273864714158
diffusion,t1-r=0.1,0.7397107414901256,23.426160435882426,0.04655091771855946
diffusion,t2-r=0.3,0.7960226663521358,25.565491414642143,0.033069094496646044
kinetic,T1-R=0.2,0.3189645205609134,14.023164582088976,0.1437256698359231
kinetic,T1-R=0.3,0.25289029023051257,9.19955103133543,0.26966146069765085
kinetic,T1-R=0.4,0.24972390947597362,9.091510111909647,0.26694422742085794
kinetic,T2-R=0.1,0.25288949406572747,8.76076536699217,0.2819654925061123
kinetic,T2-R=0.2,0.22738286110439465,7.970411050904199,0.31457573361694807
kinetic,T2-R=0.4,0.23040766902267928,8.463375176226423,0.2971832851214068
kinetic,T3-R=0.1,0.24310071255479535,8.3700887489994,0.2951448773699147
kinetic,T3-R=0.2,0.2230191973437156,8.075421788129693,0.3116611874529293
kinetic,t1-r=0.1,0.31239117234945296,14.895537103237338,0.1326198122774561
kinetic,t2-r=0.3,0.23064362241753505,8.388437339851492,0.2963972724974155
last_frame,T1-R=0.2,0.3558794511024092,11.737032405955137,0.22130733504738717
last_frame,T1-R=0.3,0.3886516515016556,10.916050590920666,0.22807909185439346
last_frame,T1-R=0.4,0.4553353801369667,11.249082873008108,0.21895033257481242
last_frame,T2-R=0.1,0.37863621709070033,10.423527820050099,0.23852545296374172
last_frame,T2-R=0.2,0.3171259373293391,9.227536863270704,0.2967215880086379
last_frame,T2-R=0.4,0.3628511226070778,10.175232391858957,0.2480678219880376
last_frame,T3-R=0.1,0.3469802309625915,9.88002021959124,0.2593042278063616
last_frame,T3-R=0.2,0.3152749262949717,9.546154054496913,0.27740399989831654
last_frame,t1-r=0.1,0.42681276525060335,10.608607372006881,0.2371019719013323
last_frame,t2-r=0.3,0.31935347449034446,9.665458816322978,0.2730781098229012
mean_frame,T1-R=0.2,0.31225314415747024,10.241537600608384,0.24802769995370846
mean_frame,T1-R=0.3,0.270404134273529,9.617478835544063,0.2664403694868087
mean_frame,T1-R=0.4,0.3381082937121391,9.94467423123148,0.26514838007943964
mean_frame,T2-R=0.1,0.26767084529357293,9.264400638243533,0.2762086382934025
mean_frame,T2-R=0.2,0.22790553963610102,8.375895843200125,0.32639962131423605
mean_frame,T2-R=0.4,0.2604982975338186,9.231719149270619,0.28058918219591883
mean_frame,T3-R=0.1,0.24329760428518052,8.828132987833866,0.29557405135461257
mean_frame,T3-R=0.2,0.2231583020383758,8.610739693746424,0.3077580423759562
mean_frame,t1-r=0.1,0.3229013187189897,8.621347359700716,0.30017337296158075
mean_frame,t2-r=0.3,0.2310299015737005,8.713803957111036,0.3061308706445353
pix2pix,T1-R=0.2,0.524724042806469,16.186699624998358,0.11363144075406376
pix2pix,T1-R=0.3,0.5809481365680694,15.409223563735265,0.1167272025942802
pix2pix,T1-R=0.4,0.5614305108785629,13.889663231205123,0.1376888036727905
pix2pix,T2-R=0.1,0.6219956685389791,16.54561880207615,0.10919008805815658
pix2pix,T2-R=0.2,0.5345981915082251,14.959771387695982,0.139013720197337
pix2pix,T2-R=0.4,0.5612981672797884,14.31633976724612,0.13362268518124304
pix2pix,T3-R=0.1,0.6038745052048138,15.985712370089988,0.1181716957794768
pix2pix,T3-R=0.2,0.5680734515190125,15.107869344139216,0.13180622642061535
pix2pix,t1-r=0.1,0.6392273875574271,18.930477216611774,0.0816802592327197
pix2pix,t2-r=0.3,0.560959512421063,14.920726995139736,0.13039333309446058
simvp,T1-R=0.2,0.7138599555511944,21.10060567300802,0.06363126310351927
simvp,T1-R=0.3,0.8000815110206604,23.864307716465916,0.037344042450189546
simvp,T1-R=0.4,0.6498809067266328,15.311137209299064,0.11668079632467453
simvp,T2-R=0.1,0.8564109585114887,25.698934804411035,0.03294238587841387
simvp,T2-R=0.2,0.8359001559870584,25.86831798716434,0.0312768846883305
simvp,T2-R=0.4,0.8088190200073379,24.42509156295677,0.03581408902204458
simvp,T3-R=0.1,0.8122554332017898,23.196676544126795,0.04121926848643588
simvp,T3-R=0.2,0.8336993813514709,26.241391033673537,0.029573565907776305
simvp,t1-r=0.1,0.753408032655716,22.23341158273881,0.049160318635404064
simvp,t2-r=0.3,0.8215325261865344,25.099700138208476,0.033195146705423034
swin,T1-R=0.2,0.6663746482036152,19.747485038742205,0.07247377816038049
swin,T1-R=0.3,0.7948754081726074,23.93577682459421,0.03635078932344909
swin,T1-R=0.4,0.6342679360083171,15.212738941420733,0.12115903794765467
swin,T2-R=0.1,0.8511866948434285,25.84825142994241,0.03168700985344388
swin,T2-R=0.2,0.8288054112877165,26.334222771054662,0.029976725165865206
swin,T2-R=0.4,0.791343180835247,24.504679304608413,0.03759488407522436
swin,T3-R=0.1,0.8083914514098849,23.4352132834879,0.04333518989650262
swin,T3-R=0.2,0.8241683291537422,25.952526626600807,0.030942208532776107
swin,t1-r=0.1,0.794584879775842,25.019544424947252,0.03776190249870216
swin,t2-r=0.3,0.8044933698007039,24.995528565978265,0.03346461049680194
temporal_unet,T1-R=0.2,0.6581017252851705,18.051477457492307,0.08265036613237658
temporal_unet,T1-R=0.3,0.7637699432373047,21.655807799848045,0.04457052327692504
temporal_unet,T1-R=0.4,0.6051236493246895,13.84155701326521,0.12737014687487053
temporal_unet,T2-R=0.1,0.8222904401166099,22.857918997835863,0.03578799454761398
temporal_unet,T2-R=0.2,0.7800479054450988,22.279369955311914,0.04389387009931457
temporal_unet,T2-R=0.4,0.7297337572489466,23.5657274534815,0.04212220226015359
temporal_unet,T3-R=0.1,0.7626522655997957,23.227403876287514,0.043858867843768384
temporal_unet,T3-R=0.2,0.7497771399361747,22.01524404999272,0.04378879613109992
temporal_unet,t1-r=0.1,0.658467361330986,18.53257805147712,0.07761129044617211
temporal_unet,t2-r=0.3,0.7532580758844103,23.666096156161938,0.040538710169494105
unet,T1-R=0.2,0.6480354754651179,18.104514872177525,0.08313470452901765
unet,T1-R=0.3,0.7656987960338593,22.33110685839354,0.04342487829923624
unet,T1-R=0.4,0.619101924768516,13.988839317583558,0.1234895407621349
unet,T2-R=0.1,0.7855724509273256,25.0189465897807,0.0356095374960984
unet,T2-R=0.2,0.7956041250910078,23.17887516644119,0.03930054880412557
unet,T2-R=0.4,0.7626741021871567,23.96694120973871,0.038932718283363706
unet,T3-R=0.1,0.8043822182076318,22.75107219351131,0.03891020336055325
unet,T3-R=0.2,0.7599605164357595,22.026196269754664,0.0478132184328777
unet,t1-r=0.1,0.6795115041236083,17.488725537736634,0.08083362163354949
unet,t2-r=0.3,0.8012313868318285,24.464871102756657,0.035884140312139434
vit,T1-R=0.2,0.6451108230919135,19.932071909307243,0.06732697696348679
vit,T1-R=0.3,0.7463117096424102,22.153097584342017,0.04308222186565394
vit,T1-R=0.4,0.556285476897444,14.682964863531339,0.11809401900640551
vit,T2-R=0.1,0.798603196655001,24.17962737218183,0.03714371831821539
vit,T2-R=0.2,0.7404288736837251,22.23666568637604,0.045739979589624016
vit,T2-R=0.4,0.6930872604250908,22.238209403703575,0.045978930086961765
vit,T3-R=0.1,0.7709588829960142,23.852479687248778,0.03907081291877793
vit,T3-R=0.2,0.760616775069918,23.91089111589914,0.037614619825035285
vit,t1-r=0.1,0.6188857547938824,20.48036074107078,0.0623825953652461
vit,t2-r=0.3,0.7595386781862804,23.567478383318793,0.038612674456089686
